opened	pivot	close	tx_id	from	from_blockchain	amount1	virtual	10% gain	quote1	val1	to	to_blockchain	quote2	amount computed	amount2	commission	gas token	gas	gas quote	fees $	net	sAVAX factor	as sAVAX	val2
2025-09-27	1	1	virtual swap	AVAX	Avalanche	0	17.7	15.55	$28.37	$502.15	UNDEAD	Avalanche	$0.002717	177296	177296	0	AVAX	0	$28.37	$0.00	177296	0.7989	14.14	$481.71
2025-09-27	2	0	virtual swap	UNDEAD	Avalanche	0	181400	199540	$0.002717	$492.86	AVAX	Avalanche	$28.37	17.15	17.15	0	AVAX	0	$28.37	$0.00	17.15	0.7989	13.70	$486.67
2025-10-14	3	2	virtual swap	UNDEAD	Avalanche	0	333923	367315	$0.002681	$895.25	AVAX	Avalanche	$22.58	38.61	38.61	0	AVAX	0	$22.58	$0.00	38.61	0.7989	30.84	$871.65
2025-10-14	4	4	https://snowtrace.io/tx/0xa5585fc1995ae562eb4e3c1d6cd57d785209765e25c71998fcc82d2d4c529cbd	AVAX	Avalanche	22.53	0	19.80	$22.58	$508.68	UNDEAD	Avalanche	$0.002681	189736	177,543	0	AVAX	0.006043183666	$22.58	$0.14	177,543	0.7989	18	$475.99
2025-12-08	5	0	https://snowtrace.io/tx/0x318d27e79afcb683995ebbba793d7bd07742f2de32a49700c92e759f16f71041	UNDEAD	Avalanche	179000	0	196900	$0.001351	$241.83	AVAX	Avalanche	$13.69	17.15	18.25	0	AVAX	0.002979264563	$13.69	$0.04	18.25	0.7989	14.58	$249.75
2025-12-08	6	3	virtual swap	AVAX	Avalanche	0	37	32.52	$13.69	$506.46	UNDEAD	Avalanche	$0.001351	374878	357,342	0	AVAX	0	$13.69	$0.00	357342	0.7989	29.5593	$482.77
2025-12-22	7	4	virtual swap	AVAX	Avalanche	0	19	16.70	$12.34	$234.46	UNDEAD	Avalanche	$0.001657	141497	141149	0	AVAX	0	$12.34	$0.00	141149	0.7989	15.18	$233.88
2025-12-22	8	0	virtual swap	UNDEAD	Avalanche	0	191397	210537.1236	$0.001657	$317.15	AVAX	Avalanche	$12.34	25.70	42.16	0	AVAX	0	$12.34	$0.00	42.16	0.7989	33.68	$520.23
2026-01-05	9	0	https://snowtrace.io/tx/0xc48c93b3526dfe2087d765d4c041e7818a093452bb0d48d6a96d162b16bbb45b	AVAX	Avalanche	44	0	38.67	$8.41	$370.04	UNDEAD	Avalanche	$0.001667	221980	199602	0	AVAX	0.001779985632	$8.41	$0.01	199602	0.7989	35.15	$332.74
